"STATE_ABBR","Date","Year","Month","Day","BEGIN_DATE","DEATHS_DIRECT","INJURIES_DIRECT","DAMAGE_PROPERTY_NUM","BEGIN_LAT","BEGIN_LON","END_LAT","END_LON","EPISODE_ID","Tornado","Total_Tornadoes","TimeTrend","lubriate_date","day_of_year_number","week_number","TornadoFrequency","Cluster"
"TX",2024-01-05,2024,"1",5,"01/05/2024",0,0,0,29.0583,-95.5023,29.0666,-95.5002,187577,1,1,18,2024-01-05,5,"1",3.57575757575758,1
"FL",2024-01-06,2024,"1",6,"01/06/2024",0,0,0,26.5273,-80.4902,26.5274,-80.4776,187239,1,1,18,2024-01-06,6,"1",2.72,1
"LA",2024-01-08,2024,"1",8,"01/08/2024",0,0,150000,29.85,-90.99,29.8611,-90.9829,188238,1,2,18,2024-01-08,8,"2",3.57142857142857,1
"MS",2024-01-08,2024,"1",8,"01/08/2024",0,0,0,30.8358,-88.5724,30.8564,-88.5465,187659,1,2,18,2024-01-08,8,"2",4.16666666666667,2
"AL",2024-01-09,2024,"1",9,"01/09/2024",0,0,0,30.7035,-88.3304,30.7119,-88.2811,188266,1,6,18,2024-01-09,9,"2",5.63636363636364,2
"FL",2024-01-09,2024,"1",9,"01/09/2024",0,0,0,30.4986,-87.0123,30.519,-86.9952,188267,1,6,18,2024-01-09,9,"2",2.72,1
"GA",2024-01-09,2024,"1",9,"01/09/2024",0,0,0,33.5242,-84.6442,33.5355,-84.622,188328,1,6,18,2024-01-09,9,"2",5.6,2
"MS",2024-01-09,2024,"1",9,"01/09/2024",0,0,0,30.9028,-88.4892,30.9028,-88.4857,187659,1,6,18,2024-01-09,9,"2",4.16666666666667,2
"NC",2024-01-09,2024,"1",9,"01/09/2024",1,4,250000,35.657,-81.157,35.739,-81.069,188566,1,6,18,2024-01-09,9,"2",4.06666666666667,2
"SC",2024-01-09,2024,"1",9,"01/09/2024",0,1,0,34.0518,-81.3548,34.0923,-81.3252,186883,1,6,18,2024-01-09,9,"2",4.55555555555556,2
"NC",2024-01-10,2024,"1",10,"01/10/2024",0,0,0,35.196,-77.0561,35.2637,-77.0238,188596,1,1,18,2024-01-10,10,"2",4.06666666666667,2
"FL",2024-01-15,2024,"1",15,"01/15/2024",0,0,0,27.1272,-80.353,27.2232,-80.2739,187683,1,1,18,2024-01-15,15,"3",2.72,1
"SC",2024-01-27,2024,"1",27,"01/27/2024",0,0,0,34.1614,-80.859,34.169,-80.8464,187313,1,1,18,2024-01-27,27,"4",4.55555555555556,2
"TX",2024-02-02,2024,"2",2,"02/02/2024",0,0,0,33.0199,-99.9494,33.0343,-99.9134,189157,1,1,18,2024-02-02,33,"5",3.57575757575758,1
"FL",2024-02-04,2024,"2",4,"02/04/2024",0,0,0,30.4776,-83.9058,30.4799,-83.9072,187475,1,2,18,2024-02-04,35,"5",2.72,1
"GA",2024-02-04,2024,"2",4,"02/04/2024",0,0,1e+05,30.7422,-83.8357,30.7501,-83.8454,187476,1,2,18,2024-02-04,35,"5",5.6,2
"CA",2024-02-07,2024,"2",7,"02/07/2024",0,0,0,35.2993,-120.8132,35.2838,-120.729,189405,1,1,18,2024-02-07,38,"6",1,1
"IL",2024-02-08,2024,"2",8,"02/08/2024",0,0,0,41.07,-89.36,41.1038,-89.3062,187544,1,2,18,2024-02-08,39,"6",4.69565217391304,2
"WI",2024-02-08,2024,"2",8,"02/08/2024",0,0,5e+05,42.5992,-89.5278,42.6831,-89.4101,187815,1,2,18,2024-02-08,39,"6",4.54545454545455,2
"AR",2024-02-09,2024,"2",9,"02/09/2024",0,0,0,34.5247,-92.3942,34.5382,-92.3532,188711,1,2,18,2024-02-09,40,"6",5.16666666666667,2
"KS",2024-02-09,2024,"2",9,"02/09/2024",0,0,0,37.8502,-100.6815,37.8502,-100.6815,189277,1,2,18,2024-02-09,40,"6",3.75,1
"IN",2024-02-10,2024,"2",10,"02/10/2024",0,0,0,38.5899,-85.7786,38.5888,-85.7596,189031,1,2,18,2024-02-10,41,"6",4.75,2
"KY",2024-02-10,2024,"2",10,"02/10/2024",0,0,0,38.5553,-85.0889,38.5585,-85.0713,189316,1,2,18,2024-02-10,41,"6",6.375,2
"IL",2024-02-27,2024,"2",27,"02/27/2024",0,0,0,41.39,-89.98,41.4207,-89.9431,189100,1,2,18,2024-02-27,58,"9",4.69565217391304,2
"IN",2024-02-27,2024,"2",27,"02/27/2024",0,0,0,41.6349,-87.4305,41.6359,-87.3902,188196,1,2,18,2024-02-27,58,"9",4.75,2
"MI",2024-02-28,2024,"2",28,"02/28/2024",0,0,1e+06,42.31,-84.98,42.33,-84.87,187973,1,3,18,2024-02-28,59,"9",4.1,2
"NY",2024-02-28,2024,"2",28,"02/28/2024",0,0,30000,42.2196,-75.9215,42.2224,-75.9103,193816,1,3,18,2024-02-28,59,"9",2.90909090909091,1
"OH",2024-02-28,2024,"2",28,"02/28/2024",0,0,10000,39.7698,-84.1095,39.774,-84.0985,187906,1,3,18,2024-02-28,59,"9",5.17647058823529,2
"CA",2024-03-01,2024,"3",1,"03/01/2024",0,0,50000,37.0233,-120.0594,37.0243,-120.0519,188027,1,1,18,2024-03-01,61,"9",1,1
"IL",2024-03-04,2024,"3",4,"03/04/2024",0,0,0,42.24,-89.78,42.24,-89.78,189645,1,1,18,2024-03-04,64,"10",4.69565217391304,2
"OH",2024-03-05,2024,"3",5,"03/05/2024",0,0,75000,41.0589,-83.9805,41.0596,-83.976,193738,1,3,18,2024-03-05,65,"10",5.17647058823529,2
"OR",2024-03-05,2024,"3",5,"03/05/2024",0,0,0,45.87,-118.42,45.871,-118.4173,194218,1,3,18,2024-03-05,65,"10",1.66666666666667,1
"TX",2024-03-05,2024,"3",5,"03/05/2024",0,0,0,32.25,-96.86,32.25,-96.86,188986,1,3,18,2024-03-05,65,"10",3.57575757575758,1
"AZ",2024-03-07,2024,"3",7,"03/07/2024",0,0,0,32.79,-111.7014,32.7911,-111.6997,190436,1,1,18,2024-03-07,67,"10",2.28571428571429,1
"AL",2024-03-09,2024,"3",9,"03/09/2024",0,0,2e+05,31.4718,-85.5663,31.4914,-85.4961,189146,1,3,18,2024-03-09,69,"10",5.63636363636364,2
"FL",2024-03-09,2024,"3",9,"03/09/2024",0,0,0,30.611,-84.0518,30.624,-84.008,189147,1,3,18,2024-03-09,69,"10",2.72,1
"GA",2024-03-09,2024,"3",9,"03/09/2024",0,0,0,31.1551,-82.6736,31.1599,-82.6597,189231,1,3,18,2024-03-09,69,"10",5.6,2
"KS",2024-03-13,2024,"3",13,"03/13/2024",0,0,0,38.87,-96.45,38.97,-96.37,188241,1,1,18,2024-03-13,73,"11",3.75,1
"AR",2024-03-14,2024,"3",14,"03/14/2024",0,0,0,34.64,-93.06,34.661,-92.98,189144,1,8,18,2024-03-14,74,"11",5.16666666666667,2
"IL",2024-03-14,2024,"3",14,"03/14/2024",0,0,0,40.686,-90.463,40.687,-90.445,189648,1,8,18,2024-03-14,74,"11",4.69565217391304,2
"IN",2024-03-14,2024,"3",14,"03/14/2024",0,0,0,38.7359,-85.4744,38.7295,-85.4339,189317,1,8,18,2024-03-14,74,"11",4.75,2
"KY",2024-03-14,2024,"3",14,"03/14/2024",0,0,0,37.9278,-86.3549,37.9246,-86.3476,190521,1,8,18,2024-03-14,74,"11",6.375,2
"MO",2024-03-14,2024,"3",14,"03/14/2024",0,0,0,38.7015,-90.3398,38.702,-90.338,189633,1,8,18,2024-03-14,74,"11",5.30434782608696,2
"OH",2024-03-14,2024,"3",14,"03/14/2024",0,0,250000,40.57,-84.815,40.5555,-84.6418,188481,1,8,18,2024-03-14,74,"11",5.17647058823529,2
"OK",2024-03-14,2024,"3",14,"03/14/2024",0,0,10000,35.4302,-95.8635,35.451,-95.8237,188867,1,8,18,2024-03-14,74,"11",4.58333333333333,2
"TX",2024-03-14,2024,"3",14,"03/14/2024",0,0,25000,33.19,-96.81,33.19,-96.8,189143,1,8,18,2024-03-14,74,"11",3.57575757575758,1
"AL",2024-03-15,2024,"3",15,"03/15/2024",0,0,0,34.4187,-85.9763,34.416,-85.9766,188313,1,4,18,2024-03-15,75,"11",5.63636363636364,2
"MS",2024-03-15,2024,"3",15,"03/15/2024",0,0,2e+05,34.4954,-89.017,34.489,-89.0042,190425,1,4,18,2024-03-15,75,"11",4.16666666666667,2
"TN",2024-03-15,2024,"3",15,"03/15/2024",0,0,10000,35.1225,-86.1935,35.1228,-86.1881,189931,1,4,18,2024-03-15,75,"11",6.77777777777778,2
"TX",2024-03-15,2024,"3",15,"03/15/2024",0,0,0,31.1734,-99.2324,31.1737,-99.2323,189866,1,4,18,2024-03-15,75,"11",3.57575757575758,1
"KS",2024-03-24,2024,"3",24,"03/24/2024",0,0,0,37.957,-100.8358,37.9926,-100.841,189916,1,2,18,2024-03-24,84,"12",3.75,1
"TX",2024-03-24,2024,"3",24,"03/24/2024",0,0,0,36.1773,-100.9957,36.187,-100.9904,189640,1,2,18,2024-03-24,84,"12",3.57575757575758,1
"MS",2024-03-25,2024,"3",25,"03/25/2024",0,0,50000,32.3757,-90.3705,32.431,-90.244,189255,1,1,18,2024-03-25,85,"13",4.16666666666667,2
"CO",2024-03-26,2024,"3",26,"03/26/2024",0,0,0,38.3902,-104.7076,38.3902,-104.7076,190000,1,2,18,2024-03-26,86,"13",2.83333333333333,1
"WA",2024-03-26,2024,"3",26,"03/26/2024",0,0,0,47.6507,-118.2383,47.6506,-118.2383,190042,1,2,18,2024-03-26,86,"13",2.5,1
"AR",2024-04-01,2024,"4",1,"04/01/2024",0,0,0,36.4561,-94.0265,36.4737,-93.9818,189131,1,3,18,2024-04-01,92,"14",5.16666666666667,2
"MO",2024-04-01,2024,"4",1,"04/01/2024",0,0,1e+05,38.653,-90.551,38.657,-90.514,190266,1,3,18,2024-04-01,92,"14",5.30434782608696,2
"OK",2024-04-01,2024,"4",1,"04/01/2024",0,0,20000,36.4763,-96.4089,36.5295,-96.3013,189130,1,3,18,2024-04-01,92,"14",4.58333333333333,2
"AL",2024-04-02,2024,"4",2,"04/02/2024",0,0,0,34.6922,-87.5683,34.7381,-87.4616,188830,1,9,18,2024-04-02,93,"14",5.63636363636364,2
"GA",2024-04-02,2024,"4",2,"04/02/2024",0,0,0,33.6554,-84.0903,33.7031,-83.9436,190114,1,9,18,2024-04-02,93,"14",5.6,2
"IL",2024-04-02,2024,"4",2,"04/02/2024",0,0,3e+05,37.6341,-89.0017,37.6197,-88.8814,190639,1,9,18,2024-04-02,93,"14",4.69565217391304,2
"IN",2024-04-02,2024,"4",2,"04/02/2024",0,0,1000,37.8857,-88.0846,37.8853,-88.0776,190640,1,9,18,2024-04-02,93,"14",4.75,2
"KY",2024-04-02,2024,"4",2,"04/02/2024",0,0,75000,37.0941,-88.8666,37.0909,-88.8565,190641,1,9,18,2024-04-02,93,"14",6.375,2
"MO",2024-04-02,2024,"4",2,"04/02/2024",0,0,5000,37.3283,-89.6342,37.3274,-89.6263,190642,1,9,18,2024-04-02,93,"14",5.30434782608696,2
"OH",2024-04-02,2024,"4",2,"04/02/2024",0,1,1e+05,38.5522,-82.7161,38.5484,-82.6962,189704,1,9,18,2024-04-02,93,"14",5.17647058823529,2
"TN",2024-04-02,2024,"4",2,"04/02/2024",0,0,10000,36.242,-84.6725,36.2672,-84.6319,189281,1,9,18,2024-04-02,93,"14",6.77777777777778,2
"WV",2024-04-02,2024,"4",2,"04/02/2024",0,0,30000,38.3796,-82.4614,38.3796,-82.4614,189707,1,9,18,2024-04-02,93,"14",7.625,2
"FL",2024-04-03,2024,"4",3,"04/03/2024",0,0,0,30.0759,-81.47,30.0778,-81.4665,190127,1,3,18,2024-04-03,94,"14",2.72,1
"GA",2024-04-03,2024,"4",3,"04/03/2024",0,0,0,32.6107,-83.7144,32.6165,-83.6945,190114,1,3,18,2024-04-03,94,"14",5.6,2
"VA",2024-04-03,2024,"4",3,"04/03/2024",0,0,2000,37.933,-76.6004,37.9429,-76.5812,190714,1,3,18,2024-04-03,94,"14",4.71428571428571,2
"IL",2024-04-07,2024,"4",7,"04/07/2024",0,0,30000,38.812,-89.137,38.822,-89.116,190667,1,2,18,2024-04-07,98,"14",4.69565217391304,2
"IA",2024-04-07,2024,"4",7,"04/07/2024",0,0,0,42.5553,-93.5763,42.5577,-93.5764,190139,1,2,18,2024-04-07,98,"14",4.31578947368421,2
"LA",2024-04-09,2024,"4",9,"04/09/2024",0,0,0,31.305,-93.6019,31.335,-93.5539,191015,1,2,18,2024-04-09,100,"15",3.57142857142857,1
"MS",2024-04-09,2024,"4",9,"04/09/2024",0,0,25000,32.5017,-90.7213,32.5156,-90.6898,192256,1,2,18,2024-04-09,100,"15",4.16666666666667,2
"AL",2024-04-10,2024,"4",10,"04/10/2024",0,0,0,30.9186,-88.2743,30.92,-88.277,190708,1,5,18,2024-04-10,101,"15",5.63636363636364,2
"FL",2024-04-10,2024,"4",10,"04/10/2024",0,0,0,30.48,-87.31,30.5,-87.28,191294,1,5,18,2024-04-10,101,"15",2.72,1
"LA",2024-04-10,2024,"4",10,"04/10/2024",0,0,250000,29.9906,-93.2479,30.0186,-93.2071,190812,1,5,18,2024-04-10,101,"15",3.57142857142857,1
"MS",2024-04-10,2024,"4",10,"04/10/2024",0,0,25000,32.5369,-90.2021,32.5456,-90.1964,192256,1,5,18,2024-04-10,101,"15",4.16666666666667,2
"TX",2024-04-10,2024,"4",10,"04/10/2024",0,0,5e+05,29.7716,-95.7524,29.7728,-95.7244,188953,1,5,18,2024-04-10,101,"15",3.57575757575758,1
"FL",2024-04-11,2024,"4",11,"04/11/2024",0,1,0,29.8853,-81.5626,29.9481,-81.4782,190160,1,3,18,2024-04-11,102,"15",2.72,1
"NC",2024-04-11,2024,"4",11,"04/11/2024",0,0,250000,36.12,-81.17,36.205,-81.153,190466,1,3,18,2024-04-11,102,"15",4.06666666666667,2
"VA",2024-04-11,2024,"4",11,"04/11/2024",0,0,15000,36.76,-79.59,36.77,-79.58,190477,1,3,18,2024-04-11,102,"15",4.71428571428571,2
"KY",2024-04-12,2024,"4",12,"04/12/2024",0,0,50000,38.5995,-83.7325,38.5942,-83.7203,190633,1,1,18,2024-04-12,103,"15",6.375,2
"IA",2024-04-16,2024,"4",16,"04/16/2024",0,0,5000,40.6649,-94.7953,40.7025,-94.8016,190307,1,4,18,2024-04-16,107,"16",4.31578947368421,2
"KS",2024-04-16,2024,"4",16,"04/16/2024",0,0,2000,39.8987,-98.8876,39.9973,-98.8846,190481,1,4,18,2024-04-16,107,"16",3.75,1
"MO",2024-04-16,2024,"4",16,"04/16/2024",0,0,0,40.3453,-94.8188,40.3909,-94.8417,189056,1,4,18,2024-04-16,107,"16",5.30434782608696,2
"NE",2024-04-16,2024,"4",16,"04/16/2024",0,0,0,40.2037,-98.5264,40.2135,-98.5183,190480,1,4,18,2024-04-16,107,"16",3.42105263157895,1
"OH",2024-04-17,2024,"4",17,"04/17/2024",0,0,1e+06,40.7981,-83.0005,40.8177,-82.9394,189827,1,1,18,2024-04-17,108,"16",5.17647058823529,2
"IL",2024-04-18,2024,"4",18,"04/18/2024",0,0,0,39.387,-90.212,39.41,-90.152,190706,1,3,18,2024-04-18,109,"16",4.69565217391304,2
"MO",2024-04-18,2024,"4",18,"04/18/2024",0,0,0,38.464,-90.665,38.463,-90.657,190693,1,3,18,2024-04-18,109,"16",5.30434782608696,2
"WA",2024-04-18,2024,"4",18,"04/18/2024",0,0,0,47.6571,-117.5586,47.6571,-117.5586,191073,1,3,18,2024-04-18,109,"16",2.5,1
"CO",2024-04-25,2024,"4",25,"04/25/2024",0,0,0,39.97,-103.37,39.97,-103.37,189463,1,3,18,2024-04-25,116,"17",2.83333333333333,1
"KS",2024-04-25,2024,"4",25,"04/25/2024",0,0,0,39.6088,-101.5899,39.6089,-101.5898,190840,1,3,18,2024-04-25,116,"17",3.75,1
"WY",2024-04-25,2024,"4",25,"04/25/2024",0,0,0,41.92,-104.09,41.9304,-104.0787,189575,1,3,18,2024-04-25,116,"17",2.2,1
"IA",2024-04-26,2024,"4",26,"04/26/2024",0,0,0,41.531,-96.089,41.59,-96.01,189914,1,6,18,2024-04-26,117,"17",4.31578947368421,2
"KS",2024-04-26,2024,"4",26,"04/26/2024",0,0,0,37.4598,-96.0134,37.483,-95.963,189578,1,6,18,2024-04-26,117,"17",3.75,1
"MO",2024-04-26,2024,"4",26,"04/26/2024",0,0,40000,37.99,-94.51,38.02,-94.46,190944,1,6,18,2024-04-26,117,"17",5.30434782608696,2
"NE",2024-04-26,2024,"4",26,"04/26/2024",0,0,70000,41.0188,-98.8736,41.05,-98.89,190488,1,6,18,2024-04-26,117,"17",3.42105263157895,1
"OK",2024-04-26,2024,"4",26,"04/26/2024",0,0,10000,35.306,-97.177,35.312,-97.171,189848,1,6,18,2024-04-26,117,"17",4.58333333333333,2
"TX",2024-04-26,2024,"4",26,"04/26/2024",0,0,10000,31.6277,-97.2599,31.6291,-97.258,190922,1,6,18,2024-04-26,117,"17",3.57575757575758,1
"KS",2024-04-27,2024,"4",27,"04/27/2024",0,0,0,39.8752,-95.4246,39.9096,-95.3656,189421,1,4,18,2024-04-27,118,"17",3.75,1
"MO",2024-04-27,2024,"4",27,"04/27/2024",0,0,0,40.2953,-94.4246,40.3534,-94.2171,191200,1,4,18,2024-04-27,118,"17",5.30434782608696,2
"OK",2024-04-27,2024,"4",27,"04/27/2024",0,0,5000,35.703,-99.527,35.711,-99.52,189849,1,4,18,2024-04-27,118,"17",4.58333333333333,2
"TX",2024-04-27,2024,"4",27,"04/27/2024",0,0,1e+05,33.402,-99.817,33.527,-99.689,189850,1,4,18,2024-04-27,118,"17",3.57575757575758,1
"AR",2024-04-28,2024,"4",28,"04/28/2024",0,0,50000,33.0496,-93.7644,33.0496,-93.7507,191130,1,5,18,2024-04-28,119,"17",5.16666666666667,2
"LA",2024-04-28,2024,"4",28,"04/28/2024",0,0,5e+05,32.4076,-93.8311,32.4198,-93.7784,191131,1,5,18,2024-04-28,119,"17",3.57142857142857,1
"MO",2024-04-28,2024,"4",28,"04/28/2024",0,0,10000,36.9646,-93.4721,36.9682,-93.4662,190947,1,5,18,2024-04-28,119,"17",5.30434782608696,2
"OK",2024-04-28,2024,"4",28,"04/28/2024",0,0,0,36.1031,-95.0927,36.131,-95.0249,190119,1,5,18,2024-04-28,119,"17",4.58333333333333,2
"TX",2024-04-28,2024,"4",28,"04/28/2024",0,0,5e+06,30.3401,-97.5841,30.3714,-97.5161,191120,1,5,18,2024-04-28,119,"17",3.57575757575758,1
"IA",2024-04-30,2024,"4",30,"04/30/2024",0,0,250000,40.828,-93.2889,40.8643,-93.259,190361,1,3,18,2024-04-30,121,"18",4.31578947368421,2
"KS",2024-04-30,2024,"4",30,"04/30/2024",0,0,0,38,-97.6,38.0002,-97.5999,189934,1,3,18,2024-04-30,121,"18",3.75,1
"OK",2024-04-30,2024,"4",30,"04/30/2024",0,0,250000,35.276,-98.99,35.311,-98.978,189851,1,3,18,2024-04-30,121,"18",4.58333333333333,2
"KS",2024-05-01,2024,"5",1,"05/01/2024",0,0,0,38.7497,-100.4661,38.75,-100.4648,191097,1,4,18,2024-05-01,122,"18",3.75,1
"OK",2024-05-01,2024,"5",1,"05/01/2024",0,0,0,34.458,-98.601,34.458,-98.601,190891,1,4,18,2024-05-01,122,"18",4.58333333333333,2
"TX",2024-05-01,2024,"5",1,"05/01/2024",0,0,20000,34.9165,-100.9991,34.9152,-100.9927,190999,1,4,18,2024-05-01,122,"18",3.57575757575758,1
"WA",2024-05-01,2024,"5",1,"05/01/2024",0,0,0,47.0693,-120.0547,47.0743,-120.0543,192474,1,4,18,2024-05-01,122,"18",2.5,1
"LA",2024-05-02,2024,"5",2,"05/02/2024",0,0,0,31.6682,-93.4195,31.6965,-93.3378,192199,1,3,18,2024-05-02,123,"18",3.57142857142857,1
"MO",2024-05-02,2024,"5",2,"05/02/2024",0,0,30000,37.1546,-94.5204,37.16,-94.51,189886,1,3,18,2024-05-02,123,"18",5.30434782608696,2
"TX",2024-05-02,2024,"5",2,"05/02/2024",0,0,0,31.7582,-99.923,31.7121,-99.8689,191439,1,3,18,2024-05-02,123,"18",3.57575757575758,1
"KS",2024-05-03,2024,"5",3,"05/03/2024",0,0,0,38.26,-101.28,38.26,-101.28,193032,1,3,18,2024-05-03,124,"18",3.75,1
"NE",2024-05-03,2024,"5",3,"05/03/2024",0,0,40000,40.3723,-99.5132,40.3775,-99.5028,190955,1,3,18,2024-05-03,124,"18",3.42105263157895,1
"TX",2024-05-03,2024,"5",3,"05/03/2024",0,0,0,32.028,-100.7034,31.9645,-100.7041,191439,1,3,18,2024-05-03,124,"18",3.57575757575758,1
"OH",2024-05-04,2024,"5",4,"05/04/2024",0,0,0,40.64,-84.71,40.64,-84.71,190666,1,2,18,2024-05-04,125,"18",5.17647058823529,2
"TX",2024-05-04,2024,"5",4,"05/04/2024",0,0,2000,30.76,-102.89,30.71,-102.8,191053,1,2,18,2024-05-04,125,"18",3.57575757575758,1
"IA",2024-05-06,2024,"5",6,"05/06/2024",0,0,0,40.99,-95.706,41.061,-95.653,191711,1,7,18,2024-05-06,127,"19",4.31578947368421,2
"KS",2024-05-06,2024,"5",6,"05/06/2024",0,0,0,39.14,-96.58,39.1557,-96.5713,189670,1,7,18,2024-05-06,127,"19",3.75,1
"MO",2024-05-06,2024,"5",6,"05/06/2024",0,0,0,39.3769,-94.6713,39.4444,-94.6009,189681,1,7,18,2024-05-06,127,"19",5.30434782608696,2
"NE",2024-05-06,2024,"5",6,"05/06/2024",0,0,0,40.88,-100.7,40.89,-100.69,196411,1,7,18,2024-05-06,127,"19",3.42105263157895,1
"OK",2024-05-06,2024,"5",6,"05/06/2024",0,0,0,36.459,-98.317,36.463,-98.277,190899,1,7,18,2024-05-06,127,"19",4.58333333333333,2
"SD",2024-05-06,2024,"5",6,"05/06/2024",0,0,0,44.8786,-103.0536,44.9253,-103.0786,190868,1,7,18,2024-05-06,127,"19",3.8,1
"TN",2024-05-06,2024,"5",6,"05/06/2024",0,0,25000,36.2551,-86.1835,36.2571,-86.1747,189654,1,7,18,2024-05-06,127,"19",6.77777777777778,2
"AR",2024-05-07,2024,"5",7,"05/07/2024",0,0,75000,35.76,-94.493,35.7743,-94.3927,191814,1,9,18,2024-05-07,128,"19",5.16666666666667,2
"IL",2024-05-07,2024,"5",7,"05/07/2024",0,0,0,42.4401,-88.8039,42.467,-88.707,190146,1,9,18,2024-05-07,128,"19",4.69565217391304,2
"IN",2024-05-07,2024,"5",7,"05/07/2024",0,0,0,41.6573,-85.0702,41.6577,-85.0695,189780,1,9,18,2024-05-07,128,"19",4.75,2
"IA",2024-05-07,2024,"5",7,"05/07/2024",0,0,50000,41.3476,-93.4862,41.3737,-93.4371,190362,1,9,18,2024-05-07,128,"19",4.31578947368421,2
"MI",2024-05-07,2024,"5",7,"05/07/2024",0,0,0,41.995,-86.1227,42.0682,-85.9168,189782,1,9,18,2024-05-07,128,"19",4.1,2
"MO",2024-05-07,2024,"5",7,"05/07/2024",0,0,0,38.73,-93.3,38.78,-93.13,189681,1,9,18,2024-05-07,128,"19",5.30434782608696,2
"OH",2024-05-07,2024,"5",7,"05/07/2024",0,0,50000,40.4646,-84.7917,40.4969,-84.6428,190686,1,9,18,2024-05-07,128,"19",5.17647058823529,2
"OK",2024-05-07,2024,"5",7,"05/07/2024",0,0,15000,35.3714,-96.1295,35.36,-96.0814,191812,1,9,18,2024-05-07,128,"19",4.58333333333333,2
"WI",2024-05-07,2024,"5",7,"05/07/2024",0,0,1e+05,42.5814,-88.7242,42.5899,-88.7087,190232,1,9,18,2024-05-07,128,"19",4.54545454545455,2
"AL",2024-05-08,2024,"5",8,"05/08/2024",0,0,0,34.8932,-87.155,34.9181,-87.0802,189759,1,12,18,2024-05-08,129,"19",5.63636363636364,2
"GA",2024-05-08,2024,"5",8,"05/08/2024",0,0,0,34.6724,-84.6408,34.6706,-84.6276,190117,1,12,18,2024-05-08,129,"19",5.6,2
"IL",2024-05-08,2024,"5",8,"05/08/2024",0,1,75000,37.8067,-89.6716,37.8249,-89.6705,191473,1,12,18,2024-05-08,129,"19",4.69565217391304,2
"KS",2024-05-08,2024,"5",8,"05/08/2024",0,0,0,38.7786,-101.7787,38.7786,-101.7776,191629,1,12,18,2024-05-08,129,"19",3.75,1
"KY",2024-05-08,2024,"5",8,"05/08/2024",0,0,0,37.0176,-88.6001,37.0194,-88.5972,191475,1,12,18,2024-05-08,129,"19",6.375,2
"MO",2024-05-08,2024,"5",8,"05/08/2024",0,0,10000,37.3535,-89.4773,37.3558,-89.4768,191478,1,12,18,2024-05-08,129,"19",5.30434782608696,2
"NC",2024-05-08,2024,"5",8,"05/08/2024",0,0,0,35.433,-81.651,35.379,-81.422,192340,1,12,18,2024-05-08,129,"19",4.06666666666667,2
"OK",2024-05-08,2024,"5",8,"05/08/2024",0,0,0,36.824,-94.991,36.824,-94.991,191875,1,12,18,2024-05-08,129,"19",4.58333333333333,2
"PA",2024-05-08,2024,"5",8,"05/08/2024",0,0,10000,40.561,-80.519,40.5597,-80.5119,191659,1,12,18,2024-05-08,129,"19",4.33333333333333,2
"TN",2024-05-08,2024,"5",8,"05/08/2024",0,0,250000,36.4717,-87.1022,36.467,-87.0631,189932,1,12,18,2024-05-08,129,"19",6.77777777777778,2
"TX",2024-05-08,2024,"5",8,"05/08/2024",0,0,0,33.8013,-95.7045,33.8013,-95.7045,190987,1,12,18,2024-05-08,129,"19",3.57575757575758,1
"WV",2024-05-08,2024,"5",8,"05/08/2024",0,0,0,40.563,-80.653,40.561,-80.519,191660,1,12,18,2024-05-08,129,"19",7.625,2
"AL",2024-05-09,2024,"5",9,"05/09/2024",0,0,0,34.991,-86.547,34.8922,-86.3789,189759,1,7,18,2024-05-09,130,"19",5.63636363636364,2
"GA",2024-05-09,2024,"5",9,"05/09/2024",0,0,0,32.3056,-83.2747,32.2439,-83.0843,190117,1,7,18,2024-05-09,130,"19",5.6,2
"IA",2024-05-09,2024,"5",9,"05/09/2024",0,0,0,43.0222,-92.6716,43.0199,-92.6595,189904,1,7,18,2024-05-09,130,"19",4.31578947368421,2
"MS",2024-05-09,2024,"5",9,"05/09/2024",0,0,40000,32.3659,-90.5406,32.3455,-90.4627,191807,1,7,18,2024-05-09,130,"19",4.16666666666667,2
"SC",2024-05-09,2024,"5",9,"05/09/2024",0,0,0,34.49,-81.63,34.47,-81.59,190357,1,7,18,2024-05-09,130,"19",4.55555555555556,2
"TN",2024-05-09,2024,"5",9,"05/09/2024",0,0,3000,35.8901,-88.0419,35.8851,-88.0193,191772,1,7,18,2024-05-09,130,"19",6.77777777777778,2
"WV",2024-05-09,2024,"5",9,"05/09/2024",0,1,15000,39.2763,-81.3898,39.2647,-81.3288,190396,1,7,18,2024-05-09,130,"19",7.625,2
"AL",2024-05-10,2024,"5",10,"05/10/2024",0,0,0,31.7143,-87.0641,31.71,-87.056,191566,1,2,18,2024-05-10,131,"19",5.63636363636364,2
"FL",2024-05-10,2024,"5",10,"05/10/2024",0,0,0,30.93,-87.12,30.85,-86.789,191567,1,2,18,2024-05-10,131,"19",2.72,1
"MD",2024-05-11,2024,"5",11,"05/11/2024",0,0,5e+05,39.7075,-79.4735,39.6906,-79.4204,189808,1,5,18,2024-05-11,132,"19",6.5,2
"NM",2024-05-11,2024,"5",11,"05/11/2024",0,0,0,35.82,-106.58,35.8226,-106.5777,189801,1,5,18,2024-05-11,132,"19",3.11111111111111,1
"OH",2024-05-11,2024,"5",11,"05/11/2024",0,0,5000,41.0929,-81.3726,41.0926,-81.3667,189948,1,5,18,2024-05-11,132,"19",5.17647058823529,2
"PA",2024-05-11,2024,"5",11,"05/11/2024",0,0,0,40.27,-80.06,40.26,-79.95,191663,1,5,18,2024-05-11,132,"19",4.33333333333333,2
"WV",2024-05-11,2024,"5",11,"05/11/2024",0,0,3e+05,39.721,-79.498,39.717,-79.494,191664,1,5,18,2024-05-11,132,"19",7.625,2
"NE",2024-05-12,2024,"5",12,"05/12/2024",0,0,0,41.21,-98.51,41.18,-98.49,191031,1,1,18,2024-05-12,133,"19",3.42105263157895,1
"AZ",2024-05-13,2024,"5",13,"05/13/2024",0,0,0,35.63,-111.49,35.6525,-111.4673,191995,1,7,18,2024-05-13,134,"20",2.28571428571429,1
"FL",2024-05-13,2024,"5",13,"05/13/2024",0,0,0,30.39,-86.18,30.39,-86.1799,191959,1,7,18,2024-05-13,134,"20",2.72,1
"LA",2024-05-13,2024,"5",13,"05/13/2024",0,0,250000,30.254,-93.3475,30.2175,-93.3083,191939,1,7,18,2024-05-13,134,"20",3.57142857142857,1
"MS",2024-05-13,2024,"5",13,"05/13/2024",0,0,120000,31.44,-90.14,31.44,-90.13,193358,1,7,18,2024-05-13,134,"20",4.16666666666667,2
"MO",2024-05-13,2024,"5",13,"05/13/2024",0,0,0,36.56,-93.22,36.57,-93.2,189894,1,7,18,2024-05-13,134,"20",5.30434782608696,2
"OK",2024-05-13,2024,"5",13,"05/13/2024",0,0,20000,35.599,-97.134,35.599,-97.134,190902,1,7,18,2024-05-13,134,"20",4.58333333333333,2
"TX",2024-05-13,2024,"5",13,"05/13/2024",0,0,8000,28.68,-96.66,28.5748,-96.4829,191776,1,7,18,2024-05-13,134,"20",3.57575757575758,1
"CO",2024-05-14,2024,"5",14,"05/14/2024",0,0,0,39.21,-102.089,39.2132,-102.0844,192239,1,5,18,2024-05-14,135,"20",2.83333333333333,1
"IN",2024-05-14,2024,"5",14,"05/14/2024",0,0,25000,37.9587,-87.385,37.9639,-87.3849,191480,1,5,18,2024-05-14,135,"20",4.75,2
"NC",2024-05-14,2024,"5",14,"05/14/2024",0,0,0,34.6871,-79.2624,34.6889,-79.2621,190753,1,5,18,2024-05-14,135,"20",4.06666666666667,2
"SC",2024-05-14,2024,"5",14,"05/14/2024",0,0,2000,34.4198,-79.6459,34.4356,-79.6245,190754,1,5,18,2024-05-14,135,"20",4.55555555555556,2
"TN",2024-05-14,2024,"5",14,"05/14/2024",0,0,250000,35.3553,-87.2837,35.3684,-87.2215,189979,1,5,18,2024-05-14,135,"20",6.77777777777778,2
"LA",2024-05-16,2024,"5",16,"05/16/2024",0,0,20000,30.07,-90.89,30.06,-90.81,192267,1,3,18,2024-05-16,137,"20",3.57142857142857,1
"MT",2024-05-16,2024,"5",16,"05/16/2024",0,0,0,48.94,-107.35,48.9416,-107.3445,189918,1,3,18,2024-05-16,137,"20",3,1
"TX",2024-05-16,2024,"5",16,"05/16/2024",0,0,150000,29.989,-95.9947,29.9847,-95.9839,189937,1,3,18,2024-05-16,137,"20",3.57575757575758,1
"MI",2024-05-17,2024,"5",17,"05/17/2024",0,0,0,43.57,-83.29,43.57,-83.29,191994,1,3,18,2024-05-17,138,"20",4.1,2
"OH",2024-05-17,2024,"5",17,"05/17/2024",0,0,250000,40.4655,-81.1845,40.4669,-81.1809,191666,1,3,18,2024-05-17,138,"20",5.17647058823529,2
"PA",2024-05-17,2024,"5",17,"05/17/2024",0,0,0,40.3588,-79.9286,40.3599,-79.9171,191667,1,3,18,2024-05-17,138,"20",4.33333333333333,2
"CO",2024-05-19,2024,"5",19,"05/19/2024",0,0,0,39.57,-103.43,39.5708,-103.4262,190057,1,4,18,2024-05-19,140,"20",2.83333333333333,1
"IL",2024-05-19,2024,"5",19,"05/19/2024",0,0,0,40.44,-90.48,40.44,-90.47,190438,1,4,18,2024-05-19,140,"20",4.69565217391304,2
"KS",2024-05-19,2024,"5",19,"05/19/2024",0,0,0,38.899,-98.8971,38.9074,-98.8689,191265,1,4,18,2024-05-19,140,"20",3.75,1
"OK",2024-05-19,2024,"5",19,"05/19/2024",0,0,5000,35.769,-99.624,35.769,-99.624,190905,1,4,18,2024-05-19,140,"20",4.58333333333333,2
"IA",2024-05-20,2024,"5",20,"05/20/2024",0,0,0,41.567,-95.471,41.573,-95.469,191714,1,2,18,2024-05-20,141,"21",4.31578947368421,2
"MN",2024-05-20,2024,"5",20,"05/20/2024",0,0,0,43.9268,-92.9896,43.9375,-92.9716,191249,1,2,18,2024-05-20,141,"21",2.92307692307692,1
"IA",2024-05-21,2024,"5",21,"05/21/2024",0,0,0,40.942,-95.285,40.938,-95.273,191714,1,6,18,2024-05-21,142,"21",4.31578947368421,2
"MN",2024-05-21,2024,"5",21,"05/21/2024",0,0,0,43.6236,-94.4659,43.6408,-94.4269,195452,1,6,18,2024-05-21,142,"21",2.92307692307692,1
"MO",2024-05-21,2024,"5",21,"05/21/2024",0,0,0,38.4646,-93.5936,38.4673,-93.5882,190064,1,6,18,2024-05-21,142,"21",5.30434782608696,2
"NE",2024-05-21,2024,"5",21,"05/21/2024",0,0,1e+06,41.3031,-97.4716,41.326,-97.3982,191033,1,6,18,2024-05-21,142,"21",3.42105263157895,1
"OK",2024-05-21,2024,"5",21,"05/21/2024",0,0,1e+05,36.255,-95.7074,36.2475,-95.6135,191954,1,6,18,2024-05-21,142,"21",4.58333333333333,2
"WI",2024-05-21,2024,"5",21,"05/21/2024",0,0,80000,44.2113,-91.8398,44.2558,-91.7914,190348,1,6,18,2024-05-21,142,"21",4.54545454545455,2
"LA",2024-05-22,2024,"5",22,"05/22/2024",0,0,10000,32.4006,-93.553,32.4025,-93.5499,192412,1,3,18,2024-05-22,143,"21",3.57142857142857,1
"OK",2024-05-22,2024,"5",22,"05/22/2024",0,0,25000,35.1235,-95.3841,35.126,-95.349,191955,1,3,18,2024-05-22,143,"21",4.58333333333333,2
"TX",2024-05-22,2024,"5",22,"05/22/2024",0,0,0,31.5844,-101.1025,31.543,-101.0393,192299,1,3,18,2024-05-22,143,"21",3.57575757575758,1
"NE",2024-05-23,2024,"5",23,"05/23/2024",0,0,450000,41.064,-101.903,41.06,-101.864,191313,1,4,18,2024-05-23,144,"21",3.42105263157895,1
"ND",2024-05-23,2024,"5",23,"05/23/2024",0,0,0,46.08,-102.68,46.0799,-102.6758,191650,1,4,18,2024-05-23,144,"21",3.6,1
"OK",2024-05-23,2024,"5",23,"05/23/2024",0,0,0,34.61,-99.838,34.616,-99.825,190907,1,4,18,2024-05-23,144,"21",4.58333333333333,2
"TX",2024-05-23,2024,"5",23,"05/23/2024",0,0,0,31.0911,-97.4071,31.0911,-97.4071,190992,1,4,18,2024-05-23,144,"21",3.57575757575758,1
"AR",2024-05-24,2024,"5",24,"05/24/2024",0,0,5e+05,33.9872,-94.2768,34.0474,-94.1526,192465,1,7,18,2024-05-24,145,"21",5.16666666666667,2
"IL",2024-05-24,2024,"5",24,"05/24/2024",0,0,0,41.39,-90.65,41.437,-90.432,191243,1,7,18,2024-05-24,145,"21",4.69565217391304,2
"IA",2024-05-24,2024,"5",24,"05/24/2024",0,0,0,41.56,-95.894,41.56,-95.882,191716,1,7,18,2024-05-24,145,"21",4.31578947368421,2
"NE",2024-05-24,2024,"5",24,"05/24/2024",0,0,0,41.615,-97.444,41.61,-97.253,191715,1,7,18,2024-05-24,145,"21",3.42105263157895,1
"NC",2024-05-24,2024,"5",24,"05/24/2024",0,0,0,34.673,-77.454,34.619,-77.313,190615,1,7,18,2024-05-24,145,"21",4.06666666666667,2
"ND",2024-05-24,2024,"5",24,"05/24/2024",0,0,0,46.5918,-96.999,46.5929,-96.9884,190704,1,7,18,2024-05-24,145,"21",3.6,1
"TX",2024-05-24,2024,"5",24,"05/24/2024",0,0,0,33.5266,-94.4741,33.5118,-94.4478,192495,1,7,18,2024-05-24,145,"21",3.57575757575758,1
"KS",2024-05-25,2024,"5",25,"05/25/2024",0,0,0,37.09,-98.4,37.09,-98.4,193041,1,4,18,2024-05-25,146,"21",3.75,1
"OK",2024-05-25,2024,"5",25,"05/25/2024",0,0,40000,36.213,-99.188,36.233,-99.15,190909,1,4,18,2024-05-25,146,"21",4.58333333333333,2
"PA",2024-05-25,2024,"5",25,"05/25/2024",0,0,10000,40.5503,-80.4682,40.5491,-80.4673,191671,1,4,18,2024-05-25,146,"21",4.33333333333333,2
"TX",2024-05-25,2024,"5",25,"05/25/2024",0,0,0,33.578,-98.431,33.593,-98.423,190910,1,4,18,2024-05-25,146,"21",3.57575757575758,1
"AR",2024-05-26,2024,"5",26,"05/26/2024",0,2,6e+06,36.314,-94.588,36.367,-94.5028,192040,1,10,18,2024-05-26,147,"21",5.16666666666667,2
"IL",2024-05-26,2024,"5",26,"05/26/2024",0,0,10000,38.4642,-90.2811,38.4585,-90.2177,190917,1,10,18,2024-05-26,147,"21",4.69565217391304,2
"IN",2024-05-26,2024,"5",26,"05/26/2024",0,0,1000,38.2442,-87.9808,38.2438,-87.9703,191489,1,10,18,2024-05-26,147,"21",4.75,2
"KY",2024-05-26,2024,"5",26,"05/26/2024",0,0,10000,36.706,-88.813,36.713,-88.729,191490,1,10,18,2024-05-26,147,"21",6.375,2
"MO",2024-05-26,2024,"5",26,"05/26/2024",0,0,30000,36.7855,-92.91,36.809,-92.889,190864,1,10,18,2024-05-26,147,"21",5.30434782608696,2
"OH",2024-05-26,2024,"5",26,"05/26/2024",0,0,30000,39.0287,-82.6593,39.0532,-82.5966,190405,1,10,18,2024-05-26,147,"21",5.17647058823529,2
"TN",2024-05-26,2024,"5",26,"05/26/2024",0,0,10000,35.4404,-88.9974,35.4197,-88.8055,191923,1,10,18,2024-05-26,147,"21",6.77777777777778,2
"VA",2024-05-26,2024,"5",26,"05/26/2024",0,0,1170000,37.2728,-80.0698,37.2738,-80.0344,191829,1,10,18,2024-05-26,147,"21",4.71428571428571,2
"WV",2024-05-26,2024,"5",26,"05/26/2024",0,0,10000,38.5284,-81.8941,38.5301,-81.8892,191169,1,10,18,2024-05-26,147,"21",7.625,2
"WI",2024-05-26,2024,"5",26,"05/26/2024",0,0,112000,42.6829,-89.1103,42.7865,-88.9247,190276,1,10,18,2024-05-26,147,"21",4.54545454545455,2
"AL",2024-05-27,2024,"5",27,"05/27/2024",0,0,0,34.3007,-85.7183,34.2719,-85.6701,190244,1,4,18,2024-05-27,148,"22",5.63636363636364,2
"GA",2024-05-27,2024,"5",27,"05/27/2024",0,0,0,33.4316,-84.9501,33.4202,-84.8916,192264,1,4,18,2024-05-27,148,"22",5.6,2
"MO",2024-05-27,2024,"5",27,"05/27/2024",0,0,0,40.604,-91.954,40.602,-91.951,191280,1,4,18,2024-05-27,148,"22",5.30434782608696,2
"PA",2024-05-27,2024,"5",27,"05/27/2024",0,0,20000,41.7003,-75.1748,41.7009,-75.1674,190379,1,4,18,2024-05-27,148,"22",4.33333333333333,2
"NM",2024-05-28,2024,"5",28,"05/28/2024",0,0,0,36.49,-103.5,36.49,-103.5,190278,1,1,18,2024-05-28,149,"22",3.11111111111111,1
"CO",2024-05-29,2024,"5",29,"05/29/2024",0,0,0,39.82,-104.19,39.8281,-104.1854,190525,1,5,18,2024-05-29,150,"22",2.83333333333333,1
"LA",2024-05-29,2024,"5",29,"05/29/2024",0,0,0,29.975,-93.0598,29.975,-93.0598,192482,1,5,18,2024-05-29,150,"22",3.57142857142857,1
"NM",2024-05-29,2024,"5",29,"05/29/2024",0,0,0,34.62,-103.47,34.62,-103.47,190355,1,5,18,2024-05-29,150,"22",3.11111111111111,1
"OK",2024-05-29,2024,"5",29,"05/29/2024",0,0,0,36.8232,-102.6485,36.8257,-102.6366,191007,1,5,18,2024-05-29,150,"22",4.58333333333333,2
"PA",2024-05-29,2024,"5",29,"05/29/2024",0,0,10000,40.31,-79.361,40.308,-79.356,191676,1,5,18,2024-05-29,150,"22",4.33333333333333,2
"LA",2024-05-30,2024,"5",30,"05/30/2024",0,0,0,32.02,-93.8785,32.0492,-93.8538,192499,1,2,18,2024-05-30,151,"22",3.57142857142857,1
"TX",2024-05-30,2024,"5",30,"05/30/2024",0,0,75000,31.92,-102.23,31.81,-102.22,191858,1,2,18,2024-05-30,151,"22",3.57575757575758,1
"IA",2024-05-31,2024,"5",31,"05/31/2024",0,0,0,42.6326,-94.9115,42.6386,-94.9108,190654,1,1,18,2024-05-31,152,"22",4.31578947368421,2
"AL",2024-06-01,2024,"6",1,"06/01/2024",0,0,0,30.526,-87.9109,30.5273,-87.9049,193462,1,2,18,2024-06-01,153,"22",5.63636363636364,2
"TX",2024-06-01,2024,"6",1,"06/01/2024",0,0,0,30.79,-103.48,30.77,-103.47,193633,1,2,18,2024-06-01,153,"22",3.57575757575758,1
"MN",2024-06-02,2024,"6",2,"06/02/2024",0,0,0,44.6948,-95.3342,44.6989,-95.3315,193614,1,4,18,2024-06-02,154,"22",2.92307692307692,1
"ND",2024-06-02,2024,"6",2,"06/02/2024",0,0,0,46.4216,-99.6189,46.422,-99.6071,193223,1,4,18,2024-06-02,154,"22",3.6,1
"SD",2024-06-02,2024,"6",2,"06/02/2024",0,0,30000,45.0282,-102.4044,44.9979,-102.3325,191382,1,4,18,2024-06-02,154,"22",3.8,1
"TX",2024-06-02,2024,"6",2,"06/02/2024",0,0,0,35.7,-101.6,35.72,-101.59,192515,1,4,18,2024-06-02,154,"22",3.57575757575758,1
"TX",2024-06-03,2024,"6",3,"06/03/2024",0,0,0,32.3409,-95.9806,32.3466,-95.9768,193457,1,1,18,2024-06-03,155,"23",3.57575757575758,1
"IA",2024-06-04,2024,"6",4,"06/04/2024",0,0,0,42.6143,-94.2988,42.6147,-94.2944,192874,1,3,18,2024-06-04,156,"23",4.31578947368421,2
"LA",2024-06-04,2024,"6",4,"06/04/2024",0,0,0,30.75,-90.7,30.74,-90.65,192850,1,3,18,2024-06-04,156,"23",3.57142857142857,1
"MS",2024-06-04,2024,"6",4,"06/04/2024",0,0,0,31.18,-90.87,31.17,-90.8,192851,1,3,18,2024-06-04,156,"23",4.16666666666667,2
"AL",2024-06-05,2024,"6",5,"06/05/2024",0,0,0,34.1835,-88.1914,34.2011,-88.1727,190534,1,8,18,2024-06-05,157,"23",5.63636363636364,2
"IL",2024-06-05,2024,"6",5,"06/05/2024",0,0,0,40.4146,-87.8138,40.4255,-87.7969,192259,1,8,18,2024-06-05,157,"23",4.69565217391304,2
"MD",2024-06-05,2024,"6",5,"06/05/2024",0,0,0,39.4898,-77.6625,39.4956,-77.6543,190855,1,8,18,2024-06-05,157,"23",6.5,2
"MI",2024-06-05,2024,"6",5,"06/05/2024",0,0,21000,44.586,-84.5225,44.5892,-84.5192,190609,1,8,18,2024-06-05,157,"23",4.1,2
"MS",2024-06-05,2024,"6",5,"06/05/2024",0,0,10000,34.1645,-88.2121,34.1835,-88.1914,193088,1,8,18,2024-06-05,157,"23",4.16666666666667,2
"OH",2024-06-05,2024,"6",5,"06/05/2024",0,0,5000,40.3156,-82.8008,40.3161,-82.7956,192293,1,8,18,2024-06-05,157,"23",5.17647058823529,2
"VA",2024-06-05,2024,"6",5,"06/05/2024",0,0,250000,39.1655,-77.5648,39.1767,-77.5516,190854,1,8,18,2024-06-05,157,"23",4.71428571428571,2
"WV",2024-06-05,2024,"6",5,"06/05/2024",0,0,1e+05,39.3375,-78.033,39.3506,-78.0298,190853,1,8,18,2024-06-05,157,"23",7.625,2
"FL",2024-06-06,2024,"6",6,"06/06/2024",0,0,0,28.63,-81.45,28.6296,-81.45,192019,1,1,18,2024-06-06,158,"23",2.72,1
"AZ",2024-06-07,2024,"6",7,"06/07/2024",0,0,0,34.9,-110.2582,34.9,-110.2582,192320,1,2,18,2024-06-07,159,"23",2.28571428571429,1
"NE",2024-06-07,2024,"6",7,"06/07/2024",0,0,80000,41.539,-100.058,41.528,-100.028,192223,1,2,18,2024-06-07,159,"23",3.42105263157895,1
"CO",2024-06-08,2024,"6",8,"06/08/2024",0,0,0,39.1433,-103.0596,39.095,-103.016,191722,1,1,18,2024-06-08,160,"23",2.83333333333333,1
"TX",2024-06-10,2024,"6",10,"06/10/2024",0,0,0,32.9297,-102.3658,32.9153,-102.3479,193636,1,1,18,2024-06-10,162,"24",3.57575757575758,1
"FL",2024-06-12,2024,"6",12,"06/12/2024",0,0,0,27.059,-80.1412,27.0646,-80.1136,192077,1,3,18,2024-06-12,164,"24",2.72,1
"MN",2024-06-12,2024,"6",12,"06/12/2024",0,0,0,47.6136,-91.2513,47.5746,-91.1824,192793,1,3,18,2024-06-12,164,"24",2.92307692307692,1
"NE",2024-06-12,2024,"6",12,"06/12/2024",0,0,0,42.016,-96.248,42.008,-96.246,193918,1,3,18,2024-06-12,164,"24",3.42105263157895,1
"IL",2024-06-13,2024,"6",13,"06/13/2024",0,0,0,40.547,-90.649,40.547,-90.648,192745,1,2,18,2024-06-13,165,"24",4.69565217391304,2
"KS",2024-06-13,2024,"6",13,"06/13/2024",0,0,0,38.5837,-101.1294,38.5836,-101.1291,192941,1,2,18,2024-06-13,165,"24",3.75,1
"NJ",2024-06-14,2024,"6",14,"06/14/2024",0,0,0,40.2607,-74.7245,40.2619,-74.7227,193784,1,2,18,2024-06-14,166,"24",2,1
"NM",2024-06-14,2024,"6",14,"06/14/2024",0,0,0,35.7913,-108.2245,35.7973,-108.1795,190829,1,2,18,2024-06-14,166,"24",3.11111111111111,1
"NE",2024-06-15,2024,"6",15,"06/15/2024",0,0,0,41.92,-97.762,41.923,-97.751,193920,1,1,18,2024-06-15,167,"24",3.42105263157895,1
"FL",2024-06-16,2024,"6",16,"06/16/2024",0,0,1e+05,28.8847,-82.6012,28.8845,-82.6015,193941,1,1,18,2024-06-16,168,"24",2.72,1
"WI",2024-06-17,2024,"6",17,"06/17/2024",0,0,20000,44.742,-90.601,44.744,-90.593,193333,1,1,18,2024-06-17,169,"25",4.54545454545455,2
"KS",2024-06-18,2024,"6",18,"06/18/2024",0,0,0,38.18,-100.54,38.18,-100.54,193097,1,2,18,2024-06-18,170,"25",3.75,1
"WI",2024-06-18,2024,"6",18,"06/18/2024",0,0,0,45.3532,-92.6146,45.4131,-92.5573,191010,1,2,18,2024-06-18,170,"25",4.54545454545455,2
"TX",2024-06-19,2024,"6",19,"06/19/2024",0,0,5000,28.0404,-97.0835,28.0401,-97.0882,193615,1,1,18,2024-06-19,171,"25",3.57575757575758,1
"CO",2024-06-20,2024,"6",20,"06/20/2024",0,0,0,40.22,-104.79,40.2206,-104.7891,191020,1,3,18,2024-06-20,172,"25",2.83333333333333,1
"NE",2024-06-20,2024,"6",20,"06/20/2024",0,0,0,41.956,-103.882,41.96,-103.855,191882,1,3,18,2024-06-20,172,"25",3.42105263157895,1
"WY",2024-06-20,2024,"6",20,"06/20/2024",0,0,0,41.821,-104.398,41.823,-104.365,191881,1,3,18,2024-06-20,172,"25",2.2,1
"AR",2024-06-21,2024,"6",21,"06/21/2024",0,0,0,33.29,-91.5097,33.29,-91.5104,193036,1,3,18,2024-06-21,173,"25",5.16666666666667,2
"CT",2024-06-21,2024,"6",21,"06/21/2024",0,0,15000,41.78,-73.07,41.77,-73.05,192393,1,3,18,2024-06-21,173,"25",3,1
"UT",2024-06-21,2024,"6",21,"06/21/2024",0,0,0,38.38,-109.46,38.38,-109.46,193838,1,3,18,2024-06-21,173,"25",3,1
"IL",2024-06-22,2024,"6",22,"06/22/2024",0,0,0,41.891,-88.4804,41.886,-88.4355,192573,1,4,18,2024-06-22,174,"25",4.69565217391304,2
"MI",2024-06-22,2024,"6",22,"06/22/2024",0,0,1e+05,44.1055,-84.4691,44.1175,-84.2644,192363,1,4,18,2024-06-22,174,"25",4.1,2
"NY",2024-06-22,2024,"6",22,"06/22/2024",0,0,18500,42.9045,-75.1648,42.8952,-75.1284,192394,1,4,18,2024-06-22,174,"25",2.90909090909091,1
"WI",2024-06-22,2024,"6",22,"06/22/2024",0,0,0,42.6847,-90.6188,42.6867,-90.6172,193341,1,4,18,2024-06-22,174,"25",4.54545454545455,2
"NH",2024-06-23,2024,"6",23,"06/23/2024",0,0,1000,42.89,-72.09,42.8971,-72.0243,191388,1,1,18,2024-06-23,175,"25",2.5,1
"MN",2024-06-24,2024,"6",24,"06/24/2024",0,0,0,48.7,-95.38,48.7,-95.38,192809,1,1,18,2024-06-24,176,"26",2.92307692307692,1
"IA",2024-06-25,2024,"6",25,"06/25/2024",0,0,0,41.7232,-93.1114,41.7234,-93.1052,192825,1,3,18,2024-06-25,177,"26",4.31578947368421,2
"NE",2024-06-25,2024,"6",25,"06/25/2024",0,0,0,41.97,-97.73,41.95,-97.71,193923,1,3,18,2024-06-25,177,"26",3.42105263157895,1
"WI",2024-06-25,2024,"6",25,"06/25/2024",0,0,0,44.909,-88.6539,44.896,-88.4888,191688,1,3,18,2024-06-25,177,"26",4.54545454545455,2
"MA",2024-06-26,2024,"6",26,"06/26/2024",0,0,5000,41.8018,-71.2939,41.8037,-71.2836,191605,1,4,18,2024-06-26,178,"26",4,2
"NM",2024-06-26,2024,"6",26,"06/26/2024",0,0,0,33.104,-104.346,33.1137,-104.3365,191306,1,4,18,2024-06-26,178,"26",3.11111111111111,1
"PA",2024-06-26,2024,"6",26,"06/26/2024",0,0,5000,40.4269,-80.306,40.426,-80.297,193907,1,4,18,2024-06-26,178,"26",4.33333333333333,2
"RI",2024-06-26,2024,"6",26,"06/26/2024",0,0,30000,41.9053,-71.4418,41.9297,-71.3814,191607,1,4,18,2024-06-26,178,"26",4,2
"FL",2024-06-27,2024,"6",27,"06/27/2024",0,0,0,28.1239,-80.652,28.1085,-80.6474,192080,1,4,18,2024-06-27,179,"26",2.72,1
"LA",2024-06-27,2024,"6",27,"06/27/2024",0,0,50000,30.1258,-93.2162,30.1245,-93.2172,193701,1,4,18,2024-06-27,179,"26",3.57142857142857,1
"ND",2024-06-27,2024,"6",27,"06/27/2024",0,0,0,47.21,-103.82,47.2038,-103.8119,193308,1,4,18,2024-06-27,179,"26",3.6,1
"SD",2024-06-27,2024,"6",27,"06/27/2024",0,0,0,45.1561,-99.5117,45.1517,-99.5046,192675,1,4,18,2024-06-27,179,"26",3.8,1
"FL",2024-06-28,2024,"6",28,"06/28/2024",0,0,0,30.2866,-81.5547,30.2912,-81.5766,193010,1,3,18,2024-06-28,180,"26",2.72,1
"IA",2024-06-28,2024,"6",28,"06/28/2024",0,0,0,41.4176,-95.1481,41.4177,-95.1305,192826,1,3,18,2024-06-28,180,"26",4.31578947368421,2
"KS",2024-06-28,2024,"6",28,"06/28/2024",0,0,0,38.5978,-96.0384,38.5766,-96.0038,191553,1,3,18,2024-06-28,180,"26",3.75,1
"IL",2024-06-29,2024,"6",29,"06/29/2024",0,0,0,40.45,-87.57,40.4456,-87.5271,193411,1,4,18,2024-06-29,181,"26",4.69565217391304,2
"IN",2024-06-29,2024,"6",29,"06/29/2024",0,0,0,40.4456,-87.5271,40.4401,-87.4823,191316,1,4,18,2024-06-29,181,"26",4.75,2
"KS",2024-06-29,2024,"6",29,"06/29/2024",0,0,0,37.8369,-95.7801,37.8373,-95.7793,194013,1,4,18,2024-06-29,181,"26",3.75,1
"OH",2024-06-29,2024,"6",29,"06/29/2024",0,0,0,41.0802,-82.7336,41.0805,-82.7304,194618,1,4,18,2024-06-29,181,"26",5.17647058823529,2
"FL",2024-06-30,2024,"6",30,"06/30/2024",0,0,0,26.3611,-81.8455,26.3606,-81.8455,192549,1,1,18,2024-06-30,182,"26",2.72,1
"NE",2024-07-01,2024,"7",1,"07/01/2024",0,0,0,40.1885,-99.8145,40.1885,-99.8145,192848,1,1,18,2024-07-01,183,"27",3.42105263157895,1
"AZ",2024-07-02,2024,"7",2,"07/02/2024",0,0,50000,32.1325,-110.8381,32.1161,-110.7975,191543,1,1,18,2024-07-02,184,"27",2.28571428571429,1
"MO",2024-07-03,2024,"7",3,"07/03/2024",0,0,0,36.71,-93.46,36.7,-93.44,192135,1,2,18,2024-07-03,185,"27",5.30434782608696,2
"NE",2024-07-03,2024,"7",3,"07/03/2024",0,0,0,41.32,-103.13,41.32,-103.13,193169,1,2,18,2024-07-03,185,"27",3.42105263157895,1
"IL",2024-07-04,2024,"7",4,"07/04/2024",0,0,0,40.5297,-88.2202,40.5471,-88.2115,192045,1,5,18,2024-07-04,186,"27",4.69565217391304,2
"IN",2024-07-04,2024,"7",4,"07/04/2024",0,0,0,38.2731,-86.1122,38.2688,-86.0952,195212,1,5,18,2024-07-04,186,"27",4.75,2
"KY",2024-07-04,2024,"7",4,"07/04/2024",0,0,0,38.2345,-85.8019,38.2321,-85.7933,195213,1,5,18,2024-07-04,186,"27",6.375,2
"ND",2024-07-04,2024,"7",4,"07/04/2024",0,0,0,47.4044,-99.7541,47.4,-99.75,194290,1,5,18,2024-07-04,186,"27",3.6,1
"OH",2024-07-04,2024,"7",4,"07/04/2024",0,0,5000,40.2923,-83.8646,40.2938,-83.8619,192787,1,5,18,2024-07-04,186,"27",5.17647058823529,2
"MI",2024-07-05,2024,"7",5,"07/05/2024",0,0,0,43.95,-82.84,43.95,-82.83,194093,1,3,18,2024-07-05,187,"27",4.1,2
"NM",2024-07-05,2024,"7",5,"07/05/2024",0,0,0,35.73,-105.16,35.7298,-105.1599,191604,1,3,18,2024-07-05,187,"27",3.11111111111111,1
"WI",2024-07-05,2024,"7",5,"07/05/2024",0,0,0,45.17,-90.37,45.16,-90.39,194177,1,3,18,2024-07-05,187,"27",4.54545454545455,2
"KS",2024-07-06,2024,"7",6,"07/06/2024",0,0,0,39.7335,-100.9487,39.7465,-100.8887,194340,1,3,18,2024-07-06,188,"27",3.75,1
"NE",2024-07-06,2024,"7",6,"07/06/2024",0,0,5e+05,40.512,-98.9515,40.5075,-98.9319,192857,1,3,18,2024-07-06,188,"27",3.42105263157895,1
"ND",2024-07-06,2024,"7",6,"07/06/2024",0,0,40000,48.18,-102.42,48.1653,-102.4052,194639,1,3,18,2024-07-06,188,"27",3.6,1
"MN",2024-07-07,2024,"7",7,"07/07/2024",0,0,0,47.85,-92.3,47.87,-92.29,194142,1,1,18,2024-07-07,189,"27",2.92307692307692,1
"AR",2024-07-08,2024,"7",8,"07/08/2024",0,0,55000,33.0193,-93.7966,33.1054,-93.7976,193541,1,4,18,2024-07-08,190,"28",5.16666666666667,2
"LA",2024-07-08,2024,"7",8,"07/08/2024",0,0,0,31.7808,-93.714,31.845,-93.752,194646,1,4,18,2024-07-08,190,"28",3.57142857142857,1
"MO",2024-07-08,2024,"7",8,"07/08/2024",0,0,0,36.9597,-89.2249,36.9679,-89.2333,194382,1,4,18,2024-07-08,190,"28",5.30434782608696,2
"TX",2024-07-08,2024,"7",8,"07/08/2024",0,0,0,29.1273,-95.0588,29.133,-95.0757,191920,1,4,18,2024-07-08,190,"28",3.57575757575758,1
"IN",2024-07-09,2024,"7",9,"07/09/2024",0,0,1100000,37.93,-87.869,38.014,-87.857,194384,1,4,18,2024-07-09,191,"28",4.75,2
"KY",2024-07-09,2024,"7",9,"07/09/2024",0,0,0,36.8524,-85.545,36.857,-85.548,195214,1,4,18,2024-07-09,191,"28",6.375,2
"MS",2024-07-09,2024,"7",9,"07/09/2024",0,0,0,33.226,-89.8325,33.2327,-89.8227,194942,1,4,18,2024-07-09,191,"28",4.16666666666667,2
"NM",2024-07-09,2024,"7",9,"07/09/2024",0,0,0,33.36,-105.7068,33.3543,-105.7001,191720,1,4,18,2024-07-09,191,"28",3.11111111111111,1
"NY",2024-07-10,2024,"7",10,"07/10/2024",0,0,0,42.4187,-79.1955,42.4474,-79.1516,194527,1,1,18,2024-07-10,192,"28",2.90909090909091,1
"CO",2024-07-12,2024,"7",12,"07/12/2024",0,0,0,40.3173,-102.9614,40.3188,-102.9504,192285,1,3,18,2024-07-12,194,"28",2.83333333333333,1
"MT",2024-07-12,2024,"7",12,"07/12/2024",0,0,0,48.64,-106.37,48.64,-106.37,191851,1,3,18,2024-07-12,194,"28",3,1
"ND",2024-07-12,2024,"7",12,"07/12/2024",0,0,0,47.1,-102.78,47.09,-102.7645,194642,1,3,18,2024-07-12,194,"28",3.6,1
"MN",2024-07-13,2024,"7",13,"07/13/2024",0,0,0,44.2627,-93.1389,44.256,-93.135,191914,1,2,18,2024-07-13,195,"28",2.92307692307692,1
"ND",2024-07-13,2024,"7",13,"07/13/2024",0,0,0,46.42,-97.05,46.35,-97.02,193334,1,2,18,2024-07-13,195,"28",3.6,1
"IL",2024-07-14,2024,"7",14,"07/14/2024",0,0,0,42.0304,-88.95,42.028,-88.942,192055,1,1,18,2024-07-14,196,"28",4.69565217391304,2
"IL",2024-07-15,2024,"7",15,"07/15/2024",0,0,0,42.29,-90.26,42.196,-89.939,194804,1,6,18,2024-07-15,197,"29",4.69565217391304,2
"IN",2024-07-15,2024,"7",15,"07/15/2024",0,0,0,41.3699,-87.5263,41.4421,-87.2198,192059,1,6,18,2024-07-15,197,"29",4.75,2
"IA",2024-07-15,2024,"7",15,"07/15/2024",0,0,5e+05,41.6442,-93.7606,41.5798,-93.6591,192939,1,6,18,2024-07-15,197,"29",4.31578947368421,2
"MN",2024-07-15,2024,"7",15,"07/15/2024",0,0,0,45.0372,-95.3875,45.0294,-95.3429,194830,1,6,18,2024-07-15,197,"29",2.92307692307692,1
"NY",2024-07-15,2024,"7",15,"07/15/2024",0,0,0,42.876,-78.03,42.875,-78.013,194552,1,6,18,2024-07-15,197,"29",2.90909090909091,1
"WI",2024-07-15,2024,"7",15,"07/15/2024",0,0,35000,42.586,-90.596,42.589,-90.592,194404,1,6,18,2024-07-15,197,"29",4.54545454545455,2
"MO",2024-07-16,2024,"7",16,"07/16/2024",0,0,0,38.6468,-91.1996,38.6468,-91.1996,194344,1,4,18,2024-07-16,198,"29",5.30434782608696,2
"NE",2024-07-16,2024,"7",16,"07/16/2024",0,0,10000,41.403,-99.675,41.403,-99.675,193746,1,4,18,2024-07-16,198,"29",3.42105263157895,1
"NH",2024-07-16,2024,"7",16,"07/16/2024",0,0,80000,43.82,-72.15,43.848,-72.149,195020,1,4,18,2024-07-16,198,"29",2.5,1
"NY",2024-07-16,2024,"7",16,"07/16/2024",1,0,250000,43.0771,-75.7618,43.0807,-75.7345,192956,1,4,18,2024-07-16,198,"29",2.90909090909091,1
"FL",2024-07-20,2024,"7",20,"07/20/2024",0,0,0,28.43,-82.6,28.4302,-82.5999,194759,1,3,18,2024-07-20,202,"29",2.72,1
"IA",2024-07-20,2024,"7",20,"07/20/2024",0,0,0,43.1042,-95.6847,43.1115,-95.6918,195049,1,3,18,2024-07-20,202,"29",4.31578947368421,2
"UT",2024-07-20,2024,"7",20,"07/20/2024",0,0,0,37.78,-109.35,37.78,-109.35,195219,1,3,18,2024-07-20,202,"29",3,1
"OK",2024-07-21,2024,"7",21,"07/21/2024",0,0,0,36.4034,-94.8499,36.4034,-94.8499,194249,1,1,18,2024-07-21,203,"29",4.58333333333333,2
"FL",2024-07-23,2024,"7",23,"07/23/2024",0,0,5000,27.87,-81.67,27.87,-81.671,194764,1,1,18,2024-07-23,205,"30",2.72,1
"NY",2024-07-24,2024,"7",24,"07/24/2024",0,0,0,43.5768,-75.8982,43.5772,-75.8942,194561,1,2,18,2024-07-24,206,"30",2.90909090909091,1
"VA",2024-07-24,2024,"7",24,"07/24/2024",0,0,75000,36.8261,-79.1162,36.8119,-78.9443,192697,1,2,18,2024-07-24,206,"30",4.71428571428571,2
"ID",2024-07-25,2024,"7",25,"07/25/2024",0,0,0,42.9515,-115.3005,42.9546,-115.2905,194560,1,1,18,2024-07-25,207,"30",1,1
"AZ",2024-07-26,2024,"7",26,"07/26/2024",0,0,0,34.42,-110.21,34.42,-110.21,195191,1,2,18,2024-07-26,208,"30",2.28571428571429,1
"MO",2024-07-26,2024,"7",26,"07/26/2024",0,0,0,36.96,-89.18,36.9652,-89.1776,194595,1,2,18,2024-07-26,208,"30",5.30434782608696,2
"IL",2024-07-29,2024,"7",29,"07/29/2024",0,0,0,38.8896,-89.7899,38.8896,-89.789,194405,1,3,18,2024-07-29,211,"31",4.69565217391304,2
"IN",2024-07-29,2024,"7",29,"07/29/2024",0,0,15000,40.138,-85.8719,40.139,-85.8628,192584,1,3,18,2024-07-29,211,"31",4.75,2
"TN",2024-07-29,2024,"7",29,"07/29/2024",0,0,750000,35.855,-86.3899,35.8401,-86.3331,192706,1,3,18,2024-07-29,211,"31",6.77777777777778,2
"IN",2024-07-30,2024,"7",30,"07/30/2024",0,0,35000,38.0497,-87.5087,38.0227,-87.4501,194398,1,3,18,2024-07-30,212,"31",4.75,2
"NE",2024-07-30,2024,"7",30,"07/30/2024",0,0,0,42.55,-100.01,42.55,-100.01,194833,1,3,18,2024-07-30,212,"31",3.42105263157895,1
"OH",2024-07-30,2024,"7",30,"07/30/2024",0,0,40000,39.3588,-84.0864,39.322,-84,193021,1,3,18,2024-07-30,212,"31",5.17647058823529,2
"SD",2024-07-31,2024,"7",31,"07/31/2024",0,0,0,43.22,-97.89,43.22,-97.89,195096,1,1,18,2024-07-31,213,"31",3.8,1
"MN",2024-08-03,2024,"8",3,"08/03/2024",0,0,2e+06,45.6863,-94.8297,45.6123,-94.7965,192822,1,2,18,2024-08-03,216,"31",2.92307692307692,1
"NC",2024-08-03,2024,"8",3,"08/03/2024",0,0,120000,35.595,-78.8167,35.5986,-78.7922,195516,1,2,18,2024-08-03,216,"31",4.06666666666667,2
"FL",2024-08-04,2024,"8",4,"08/04/2024",0,0,0,27.64,-81.85,27.6462,-81.8535,196303,1,1,18,2024-08-04,217,"31",2.72,1
"IA",2024-08-05,2024,"8",5,"08/05/2024",0,0,0,43.4843,-93.3918,43.4842,-93.3863,193012,1,4,18,2024-08-05,218,"32",4.31578947368421,2
"MN",2024-08-05,2024,"8",5,"08/05/2024",0,0,0,44.0413,-94.7223,44.0341,-94.6779,192906,1,4,18,2024-08-05,218,"32",2.92307692307692,1
"NY",2024-08-05,2024,"8",5,"08/05/2024",0,0,0,42.8894,-78.894,42.893,-78.8675,195921,1,4,18,2024-08-05,218,"32",2.90909090909091,1
"SC",2024-08-05,2024,"8",5,"08/05/2024",0,0,0,32.7892,-79.7773,32.7972,-79.785,195693,1,4,18,2024-08-05,218,"32",4.55555555555556,2
"MI",2024-08-06,2024,"8",6,"08/06/2024",0,0,0,42.0333,-85.7616,41.9616,-85.6348,194739,1,5,18,2024-08-06,219,"32",4.1,2
"NC",2024-08-06,2024,"8",6,"08/06/2024",0,0,5000,33.9782,-78.5899,33.9815,-78.5941,195282,1,5,18,2024-08-06,219,"32",4.06666666666667,2
"OH",2024-08-06,2024,"8",6,"08/06/2024",0,0,30000,41.4768,-82.0628,41.4853,-81.9687,196095,1,5,18,2024-08-06,219,"32",5.17647058823529,2
"PA",2024-08-06,2024,"8",6,"08/06/2024",0,0,3000,41.23,-80.41,41.23,-80.41,194220,1,5,18,2024-08-06,219,"32",4.33333333333333,2
"SC",2024-08-06,2024,"8",6,"08/06/2024",0,2,0,33.2079,-79.9807,33.2369,-80.0381,195693,1,5,18,2024-08-06,219,"32",4.55555555555556,2
"NC",2024-08-07,2024,"8",7,"08/07/2024",0,0,0,35.4448,-77.6878,35.5374,-77.812,195319,1,1,18,2024-08-07,220,"32",4.06666666666667,2
"DE",2024-08-08,2024,"8",8,"08/08/2024",0,0,0,39.7246,-75.6511,39.7406,-75.6554,195595,1,4,18,2024-08-08,221,"32",4,2
"NC",2024-08-08,2024,"8",8,"08/08/2024",1,0,2e+06,35.6527,-77.9637,35.6902,-78.0697,195323,1,4,18,2024-08-08,221,"32",4.06666666666667,2
"VA",2024-08-08,2024,"8",8,"08/08/2024",0,0,2e+05,37.9741,-77.521,37.9935,-77.5409,196114,1,4,18,2024-08-08,221,"32",4.71428571428571,2
"WV",2024-08-08,2024,"8",8,"08/08/2024",0,0,50000,39.551,-78.111,39.557,-78.116,195383,1,4,18,2024-08-08,221,"32",7.625,2
"CO",2024-08-09,2024,"8",9,"08/09/2024",0,0,0,38.8,-105.14,38.8,-105.14,196030,1,3,18,2024-08-09,222,"32",2.83333333333333,1
"NY",2024-08-09,2024,"8",9,"08/09/2024",0,0,3000,41.7256,-74.0708,41.7326,-74.0645,195738,1,3,18,2024-08-09,222,"32",2.90909090909091,1
"PA",2024-08-09,2024,"8",9,"08/09/2024",0,0,165000,40.2457,-76.8473,40.2952,-76.8586,192968,1,3,18,2024-08-09,222,"32",4.33333333333333,2
"CO",2024-08-11,2024,"8",11,"08/11/2024",0,0,0,39.9512,-102.3129,39.945,-102.3099,194685,1,2,18,2024-08-11,224,"32",2.83333333333333,1
"NY",2024-08-11,2024,"8",11,"08/11/2024",0,0,0,44.2754,-75.5144,44.2771,-75.5133,194525,1,2,18,2024-08-11,224,"32",2.90909090909091,1
"KS",2024-08-14,2024,"8",14,"08/14/2024",0,0,0,39.533,-96.543,39.532,-96.534,193188,1,2,18,2024-08-14,227,"33",3.75,1
"NE",2024-08-14,2024,"8",14,"08/14/2024",0,0,0,41.32,-97.5,41.32,-97.5,194079,1,2,18,2024-08-14,227,"33",3.42105263157895,1
"IL",2024-08-15,2024,"8",15,"08/15/2024",0,0,0,41.04,-89.98,41.05,-89.92,196043,1,1,18,2024-08-15,228,"33",4.69565217391304,2
"CO",2024-08-19,2024,"8",19,"08/19/2024",0,0,0,39.89,-103.83,39.8901,-103.8194,194006,1,2,18,2024-08-19,232,"34",2.83333333333333,1
"WY",2024-08-19,2024,"8",19,"08/19/2024",0,0,0,44.5776,-104.4974,44.5693,-104.4477,194794,1,2,18,2024-08-19,232,"34",2.2,1
"AZ",2024-08-21,2024,"8",21,"08/21/2024",0,0,0,32.08,-110.32,32.08,-110.32,195895,1,2,18,2024-08-21,234,"34",2.28571428571429,1
"FL",2024-08-21,2024,"8",21,"08/21/2024",0,0,0,28.74,-81.21,28.74,-81.1889,194735,1,2,18,2024-08-21,234,"34",2.72,1
"CO",2024-08-22,2024,"8",22,"08/22/2024",0,0,0,39.319,-102.198,39.298,-102.177,195991,1,1,18,2024-08-22,235,"34",2.83333333333333,1
"MN",2024-08-26,2024,"8",26,"08/26/2024",0,0,0,44.3594,-94.6182,44.3637,-94.6153,195155,1,2,18,2024-08-26,239,"35",2.92307692307692,1
"TX",2024-08-26,2024,"8",26,"08/26/2024",0,0,0,26.174,-98.052,26.174,-98.052,195647,1,2,18,2024-08-26,239,"35",3.57575757575758,1
"FL",2024-08-28,2024,"8",28,"08/28/2024",0,0,0,28.2,-82.62,28.199,-82.6209,196350,1,3,18,2024-08-28,241,"35",2.72,1
"ND",2024-08-28,2024,"8",28,"08/28/2024",0,0,9000,46,-100.95,45.988,-100.9078,195889,1,3,18,2024-08-28,241,"35",3.6,1
"SD",2024-08-28,2024,"8",28,"08/28/2024",0,0,0,45.6837,-100.2431,45.6695,-100.159,195286,1,3,18,2024-08-28,241,"35",3.8,1
"IA",2024-08-29,2024,"8",29,"08/29/2024",0,0,0,43.4713,-95.1034,43.4799,-95.0915,196338,1,4,18,2024-08-29,242,"35",4.31578947368421,2
"MN",2024-08-29,2024,"8",29,"08/29/2024",0,0,0,45.9688,-94.168,46.0431,-94.0553,193974,1,4,18,2024-08-29,242,"35",2.92307692307692,1
"PA",2024-08-29,2024,"8",29,"08/29/2024",0,0,8000,40.3169,-78.4082,40.3066,-78.4033,195635,1,4,18,2024-08-29,242,"35",4.33333333333333,2
"WI",2024-08-29,2024,"8",29,"08/29/2024",0,0,0,44.7091,-92.7247,44.7143,-92.7106,193976,1,4,18,2024-08-29,242,"35",4.54545454545455,2
"IL",2024-08-30,2024,"8",30,"08/30/2024",0,0,2000,37.9389,-89.8463,37.94,-89.8457,194062,1,1,18,2024-08-30,243,"35",4.69565217391304,2
"MO",2024-08-31,2024,"8",31,"08/31/2024",0,0,0,36.7819,-90.3494,36.7827,-90.3507,195417,1,2,18,2024-08-31,244,"35",5.30434782608696,2
"PA",2024-08-31,2024,"8",31,"08/31/2024",0,0,65000,39.737,-78.9352,39.7324,-78.9251,195634,1,2,18,2024-08-31,244,"35",4.33333333333333,2
"FL",2024-09-03,2024,"9",3,"09/03/2024",0,0,0,30.67,-81.43,30.6709,-81.4308,196125,1,1,18,2024-09-03,247,"36",2.72,1
"WY",2024-09-04,2024,"9",4,"09/04/2024",0,0,0,42.6375,-109.8749,42.638,-109.8738,196568,1,1,18,2024-09-04,248,"36",2.2,1
"OK",2024-09-05,2024,"9",5,"09/05/2024",0,0,0,35.841,-98.101,35.841,-98.101,197100,1,1,18,2024-09-05,249,"36",4.58333333333333,2
"NY",2024-09-06,2024,"9",6,"09/06/2024",0,0,0,42.1349,-78.176,42.1829,-78.0788,196430,1,1,18,2024-09-06,250,"36",2.90909090909091,1
"IN",2024-09-07,2024,"9",7,"09/07/2024",0,0,0,41.7019,-86.9567,41.7012,-86.9562,195792,1,1,18,2024-09-07,251,"36",4.75,2
"NY",2024-09-09,2024,"9",9,"09/09/2024",0,0,0,43.0333,-79.0102,43.0201,-78.9972,196431,1,2,18,2024-09-09,253,"37",2.90909090909091,1
"WY",2024-09-09,2024,"9",9,"09/09/2024",0,0,50000,43.6457,-108.2136,43.6466,-108.21,196569,1,2,18,2024-09-09,253,"37",2.2,1
"NC",2024-09-15,2024,"9",15,"09/15/2024",0,0,0,33.8565,-77.9595,33.8563,-77.968,195961,1,1,18,2024-09-15,259,"37",4.06666666666667,2
"NC",2024-09-16,2024,"9",16,"09/16/2024",0,0,0,34.6882,-77.0432,34.6908,-77.0485,195688,1,1,18,2024-09-16,260,"38",4.06666666666667,2
"ND",2024-09-18,2024,"9",18,"09/18/2024",0,0,0,48.2081,-98.9087,48.2081,-98.9087,196510,1,1,18,2024-09-18,262,"38",3.6,1
"MN",2024-09-19,2024,"9",19,"09/19/2024",0,0,1e+05,47.0981,-92.4726,47.1741,-92.4182,195723,1,1,18,2024-09-19,263,"38",2.92307692307692,1
"NM",2024-09-21,2024,"9",21,"09/21/2024",0,0,0,35.023,-105.69,35.038,-105.684,194792,1,2,18,2024-09-21,265,"38",3.11111111111111,1
"TX",2024-09-21,2024,"9",21,"09/21/2024",0,0,0,34.6021,-102.1306,34.6081,-102.1094,195044,1,2,18,2024-09-21,265,"38",3.57575757575758,1
"IN",2024-09-22,2024,"9",22,"09/22/2024",0,0,50000,40.2125,-85.4942,40.2127,-85.4929,194852,1,1,18,2024-09-22,266,"38",4.75,2
"IN",2024-09-24,2024,"9",24,"09/24/2024",0,0,0,38.3493,-85.7513,38.3819,-85.6929,196409,1,4,18,2024-09-24,268,"39",4.75,2
"MI",2024-09-24,2024,"9",24,"09/24/2024",0,0,1e+05,41.7376,-84.7356,41.7382,-84.7336,195530,1,4,18,2024-09-24,268,"39",4.1,2
"OH",2024-09-24,2024,"9",24,"09/24/2024",0,0,5000,39.7429,-84.597,39.7557,-84.5755,195004,1,4,18,2024-09-24,268,"39",5.17647058823529,2
"TN",2024-09-24,2024,"9",24,"09/24/2024",0,0,0,36.5432,-83.1447,36.5585,-83.0387,195883,1,4,18,2024-09-24,268,"39",6.77777777777778,2
"FL",2024-09-25,2024,"9",25,"09/25/2024",0,0,0,26.202,-81.515,26.202,-81.515,196757,1,6,18,2024-09-25,269,"39",2.72,1
"GA",2024-09-25,2024,"9",25,"09/25/2024",0,0,0,31.23,-83.65,31.2324,-83.6511,195638,1,6,18,2024-09-25,269,"39",5.6,2
"NC",2024-09-25,2024,"9",25,"09/25/2024",0,0,5000,35.448,-82.074,35.477,-82.068,196694,1,6,18,2024-09-25,269,"39",4.06666666666667,2
"OH",2024-09-25,2024,"9",25,"09/25/2024",0,0,10000,39.504,-82.6291,39.5218,-82.5998,195579,1,6,18,2024-09-25,269,"39",5.17647058823529,2
"SC",2024-09-25,2024,"9",25,"09/25/2024",0,0,5000,35.096,-82.562,35.106,-82.553,197038,1,6,18,2024-09-25,269,"39",4.55555555555556,2
"WV",2024-09-25,2024,"9",25,"09/25/2024",0,0,0,38.1402,-80.2309,38.157,-80.1964,196618,1,6,18,2024-09-25,269,"39",7.625,2
"FL",2024-09-26,2024,"9",26,"09/26/2024",0,0,0,26.277,-81.556,26.277,-81.556,196757,1,4,18,2024-09-26,270,"39",2.72,1
"GA",2024-09-26,2024,"9",26,"09/26/2024",0,0,5000,33.0368,-82.2431,33.0697,-82.2422,195269,1,4,18,2024-09-26,270,"39",5.6,2
"NC",2024-09-26,2024,"9",26,"09/26/2024",0,0,15000,36.2779,-80.994,36.2856,-81.0015,195810,1,4,18,2024-09-26,270,"39",4.06666666666667,2
"SC",2024-09-26,2024,"9",26,"09/26/2024",0,0,0,32.1046,-80.8598,32.1891,-80.9075,196703,1,4,18,2024-09-26,270,"39",4.55555555555556,2
"NC",2024-09-27,2024,"9",27,"09/27/2024",0,0,0,34.6864,-78.4478,34.7555,-78.4222,195967,1,3,18,2024-09-27,271,"39",4.06666666666667,2
"SC",2024-09-27,2024,"9",27,"09/27/2024",0,0,0,33.223,-80.7256,33.4,-80.8347,195338,1,3,18,2024-09-27,271,"39",4.55555555555556,2
"VA",2024-09-27,2024,"9",27,"09/27/2024",0,1,839730,36.73,-79.47,36.82,-79.51,195584,1,3,18,2024-09-27,271,"39",4.71428571428571,2
"FL",2024-10-09,2024,"10",9,"10/09/2024",0,0,0,25.4329,-80.5207,25.4751,-80.5144,196745,1,1,18,2024-10-09,283,"41",2.72,1
"MI",2024-10-13,2024,"10",13,"10/13/2024",0,0,0,42.86,-86.21,42.8603,-86.2079,196244,1,1,18,2024-10-13,287,"41",4.1,2
"AZ",2024-10-18,2024,"10",18,"10/18/2024",0,0,0,36.0936,-111.2928,36.1136,-111.2851,197165,1,1,18,2024-10-18,292,"42",2.28571428571429,1
"WA",2024-10-28,2024,"10",28,"10/28/2024",0,0,0,46.1258,-122.9929,46.128,-122.99,197099,1,1,18,2024-10-28,302,"44",2.5,1
"AR",2024-10-30,2024,"10",30,"10/30/2024",0,0,3e+05,35.966,-94.332,35.987,-94.284,196728,1,4,18,2024-10-30,304,"44",5.16666666666667,2
"IL",2024-10-30,2024,"10",30,"10/30/2024",0,0,25000,39.895,-91.3754,39.8962,-91.369,196732,1,4,18,2024-10-30,304,"44",4.69565217391304,2
"MO",2024-10-30,2024,"10",30,"10/30/2024",0,0,10000,39.5847,-92.0893,39.6237,-91.9966,196328,1,4,18,2024-10-30,304,"44",5.30434782608696,2
"OK",2024-10-30,2024,"10",30,"10/30/2024",0,0,0,36.675,-94.933,36.686,-94.899,196727,1,4,18,2024-10-30,304,"44",4.58333333333333,2
"OR",2024-10-31,2024,"10",31,"10/31/2024",0,0,8000,44.6239,-124.0463,44.6251,-124.0437,197093,1,1,18,2024-10-31,305,"44",1.66666666666667,1
"NM",2024-11-02,2024,"11",2,"11/02/2024",0,0,0,32.53,-103.35,32.54,-103.33,196968,1,2,18,2024-11-02,307,"44",3.11111111111111,1
"OK",2024-11-02,2024,"11",2,"11/02/2024",0,0,10000,34.983,-97.028,34.996,-97.024,196824,1,2,18,2024-11-02,307,"44",4.58333333333333,2
"AR",2024-11-03,2024,"11",3,"11/03/2024",0,0,0,34.89,-94.11,34.8916,-94.1077,197989,1,3,18,2024-11-03,308,"44",5.16666666666667,2
"OK",2024-11-03,2024,"11",3,"11/03/2024",0,0,1e+06,35.364,-97.438,35.377,-97.432,196826,1,3,18,2024-11-03,308,"44",4.58333333333333,2
"TX",2024-11-03,2024,"11",3,"11/03/2024",0,0,0,34.05,-98.187,34.147,-98.105,196827,1,3,18,2024-11-03,308,"44",3.57575757575758,1
"AR",2024-11-04,2024,"11",4,"11/04/2024",0,0,0,34.85,-93.49,34.8749,-93.4609,197989,1,4,18,2024-11-04,309,"45",5.16666666666667,2
"MO",2024-11-04,2024,"11",4,"11/04/2024",0,0,35000,36.8563,-93.5548,36.8648,-93.5318,196444,1,4,18,2024-11-04,309,"45",5.30434782608696,2
"OK",2024-11-04,2024,"11",4,"11/04/2024",0,0,2000,35.019,-97.21,35.02,-97.188,196828,1,4,18,2024-11-04,309,"45",4.58333333333333,2
"TX",2024-11-04,2024,"11",4,"11/04/2024",0,0,0,33.5104,-94.911,33.58,-94.8117,197895,1,4,18,2024-11-04,309,"45",3.57575757575758,1
"IA",2024-11-05,2024,"11",5,"11/05/2024",0,0,120000,40.803,-92.3482,40.8062,-92.3437,196653,1,2,18,2024-11-05,310,"45",4.31578947368421,2
"LA",2024-11-05,2024,"11",5,"11/05/2024",0,3,1e+05,30.4752,-92.6223,30.4885,-92.616,197515,1,2,18,2024-11-05,310,"45",3.57142857142857,1
"TX",2024-11-07,2024,"11",7,"11/07/2024",0,0,0,31.8,-99.84,31.8081,-99.8343,198091,1,1,18,2024-11-07,312,"45",3.57575757575758,1
"MI",2024-11-10,2024,"11",10,"11/10/2024",0,0,20000,43.2193,-84.7174,43.2194,-84.6703,197300,1,1,18,2024-11-10,315,"45",4.1,2
"OR",2024-11-11,2024,"11",11,"11/11/2024",0,0,10400,45.6149,-123.9435,45.6147,-123.937,197542,1,1,18,2024-11-11,316,"46",1.66666666666667,1
"OK",2024-11-18,2024,"11",18,"11/18/2024",0,0,5000,34.493,-99.782,34.507,-99.772,196832,1,1,18,2024-11-18,323,"47",4.58333333333333,2
"MS",2024-11-19,2024,"11",19,"11/19/2024",0,0,15000,32.0835,-90.3438,32.0946,-90.3302,197755,1,1,18,2024-11-19,324,"47",4.16666666666667,2
"PA",2024-11-20,2024,"11",20,"11/20/2024",0,0,50000,40.4713,-79.9113,40.4754,-79.8931,197930,1,1,18,2024-11-20,325,"47",4.33333333333333,2
